Label,True Positive Rate,False Positive Rate,Precision,Recall,F1 Score
0.0,0.9155701754385965,0.5187265917602997,0.7508992805755396,0.9155701754385965,0.8250988142292491
1.0,0.36303630363036304,0.07174103237095363,0.5729166666666666,0.36303630363036304,0.4444444444444444
2.0,0.3852813852813853,0.043621399176954734,0.6267605633802817,0.3852813852813853,0.47721179624664883
